<application>
  <component name="DefaultFont">
    <option name="FONT_SIZE" value="16" />
  </component>
  <component name="TodoConfiguration">
    <pattern pattern="\btodo\b.*" />
    <pattern pattern="\bfixme\b.*" />
    <pattern useCustomColors="true" pattern="\bnote\b.*">
      <option name="FOREGROUND" value="c01943" />
      <option name="BACKGROUND" value="4b0e1d" />
      <option name="FONT_TYPE" value="2" />
      <option name="ERROR_STRIPE_COLOR" value="977ab" />
    </pattern>
  </component>
</application>